,rank,properties.numOfAgentInterests,properties.maximumAllowedRentalSalaryRatio,properties.maxDaysToBeHomeless,properties.maxDaysToBeStarving,properties.minuteSpentAtRestaurant,properties.preparationTimeInMinutes,properties.agentWalkingSpeed,properties.mealCostAtHome,properties.workHoursPerDay,properties.baseInitialBalance,properties.minimumSiteVisitLengthInMinutes,properties.maximumSiteVisitLengthInMinutes,properties.baseRentRate,properties.focalClosureProbability,properties.cyclicClosureProbability,properties.initialNetworkEdgeWeight,properties.networkEdgeDecayFactor,properties.networkEdgeWeightStrengtheningRate,properties.networkEdgeDeletionThreshold,properties.maxNumOfFriends,properties.maxLonelyDays,properties.stableRelationshipPeriodInMin,properties.numApartmentsPer1000,properties.numWorkplacesPer1000,properties.numPubsPer1000,properties.numRestaurantsPer1000,properties.appetiteLowerBound,properties.appetiteUpperBound,properties.resChargeLowerBound,properties.resChargeUpperBound,properties.pubChargeLowerBound,properties.pubChargeUpperBound,properties.numberOfDaysToConsiderForMeasuringSocialStatus,properties.initialSocialStatusWeight,properties.socialStatusDecayFactor,properties.maxSocialStatusValue,properties.minSocialStatusValue,properties.socialStatusIncreaseValue,properties.socialStatusDecreaseValue,properties.attractivenessLowerBound,properties.attractivenessUpperBound,properties.apartmentRoomNumberLowerBound,properties.apartmentRoomNumberUpperBound,properties.numOfJobsAtWorkplaceLowerBound,properties.numOfJobsAtWorkplaceUpperBound,properties.schoolCapacityMean,properties.schoolCapacitySD,properties.monthlySchoolCostRate,properties.minimumHourlyRate,properties.maximumHourlyRate,properties.initialAdditionalBalanceLowerBound,properties.initialAdditionalBalanceUpperBound,properties.numOfSingleAgentsPer1000,properties.numOfFamilyAgentsWithKidsPer1000,properties.numberOfNearestPubs,properties.numberOfInterestsToConsider,properties.maxGroupMeetingSize,properties.maxGroupSizeToJoinForAloneAgents,properties.pubChoiceExponentialDecayConstant,properties.pubChoiceClosenessCoefficient,properties.pubChoiceAgeSimilarityCoefficient,properties.pubChoiceIncomeSimilarityCoefficient,properties.pubChoiceInterestSimilarityCoefficient,score
0,1,6,0.4,47,46,54,54,24.8,27,9,4929767,24,151,1279,0.2,0.3,0.3,0.5,0.3,0.2,52,57,73,474,140,59,64,0.1,0.51,1,6,1,6,9,0.5,0.5,0.2,0.01,0.2,0.1,0.01,0.51,1,3,1,8,532,252,542,23,205,13,110,515,573,22,15,23,10,0.4,0.01,0.01,0.01,1.0,0.9963414254182599
1,2,5,0.01,7,2,17,17,3.5,11,5,623854,24,151,726,0.001,0.01,0.01,0.1,0.01,0.0001,14,24,36,56,7,26,36,0.1,0.51,1,6,1,6,2,0.1,0.2,0.2,0.01,0.001,0.001,0.01,0.51,1,3,1,8,140,43,155,23,205,13,110,112,214,1,5,4,5,0.01,0.01,0.01,0.01,0.1,0.9422410237957631
2,3,7,0.5,52,51,59,58,27.3,30,10,5425080,119,499,1342,0.3,0.3,0.3,0.5,0.3,0.3,57,62,78,523,156,63,68,0.5,0.9,1,6,1,6,10,0.5,0.6,0.2,0.2,0.3,0.2,0.01,0.51,1,3,1,8,578,277,588,499,999,599,1999,561,614,25,17,27,12,0.5,0.01,0.01,0.01,1.0,0.9129000407454939
3,4,6,0.2,31,28,40,39,16.7,21,7,3261746,119,499,1066,0.1,0.1,0.1,0.3,0.1,0.1,37,45,58,313,88,45,53,0.5,0.9,19,49,19,49,6,0.3,0.4,0.2,0.2,0.1,0.1,0.5,0.51,9,39,19,89,382,170,394,499,999,599,1999,360,434,14,11,16,8,0.3,0.01,0.01,0.01,0.6,0.9080067018047964
4,5,5,0.01,7,2,17,17,3.5,11,5,623854,24,151,726,0.001,0.01,0.01,0.1,0.01,0.0001,14,24,36,56,7,26,36,0.1,0.51,1,6,1,6,2,0.1,0.2,0.2,0.01,0.001,0.001,0.01,0.51,1,3,1,8,140,43,155,23,205,13,110,112,214,1,5,4,5,0.01,0.01,0.01,0.01,0.1,0.8788986165876261
5,6,9,0.2,31,31,99,17,17.8,17,15,6675841,24,151,1232,0.001,0.1,0.1,0.1,0.5,0.5,14,75,48,56,7,99,81,0.1,0.51,1,6,1,6,19,0.1,0.2,0.2,0.01,0.1,0.3,0.01,0.51,9,39,1,8,995,143,400,499,999,13,110,250,337,18,8,4,7,0.01,1.0,0.01,0.01,0.6,0.8747750988339618
6,7,9,0.9,96,99,99,99,49.9,49,15,9992056,119,499,1930,0.5,0.5,0.5,0.9,0.5,0.5,98,99,119,968,299,99,99,0.5,0.9,19,49,19,49,19,0.9,0.9,0.2,0.2,0.5,0.3,0.5,0.51,9,39,19,89,995,499,999,499,999,599,1999,989,996,49,29,49,19,0.9,1.0,1.0,1.0,1.9,0.8718483810773663
7,8,5,0.01,7,2,17,17,3.5,11,5,623854,24,151,726,0.001,0.01,0.01,0.1,0.01,0.0001,14,24,36,56,7,26,36,0.1,0.51,1,6,1,6,2,0.1,0.2,0.2,0.01,0.001,0.001,0.01,0.51,1,3,1,8,140,43,155,23,205,13,110,112,214,1,5,4,5,0.01,0.01,0.01,0.01,0.1,0.8704538673895067
8,9,6,0.01,7,54,99,17,49.9,49,6,9992056,24,151,726,0.001,0.3,0.01,0.9,0.2,0.0001,98,24,49,56,7,26,67,0.5,0.9,1,6,1,6,2,0.1,0.2,0.2,0.2,0.2,0.001,0.01,0.51,1,3,19,89,140,43,380,23,205,174,629,112,214,1,17,17,6,0.01,0.01,0.01,0.01,0.1,0.8431502202165293
9,10,5,0.01,7,2,17,17,3.5,11,5,623854,24,151,726,0.001,0.01,0.01,0.1,0.01,0.0001,14,24,36,56,7,26,36,0.1,0.51,1,6,1,6,2,0.1,0.2,0.2,0.01,0.001,0.001,0.01,0.51,1,3,1,8,140,43,155,23,205,13,110,112,214,1,5,4,5,0.01,0.01,0.01,0.01,0.1,0.8347545528737036
10,11,5,0.01,7,2,17,17,3.5,11,5,623854,24,151,726,0.001,0.01,0.01,0.1,0.01,0.0001,14,24,36,56,7,26,36,0.1,0.51,1,6,1,6,2,0.1,0.2,0.2,0.01,0.001,0.001,0.01,0.51,1,3,1,8,140,43,155,23,205,13,110,112,214,1,5,4,5,0.01,0.01,0.01,0.01,0.1,0.8120447685352736
11,12,5,0.01,7,2,17,17,3.5,11,5,623854,24,151,726,0.001,0.01,0.01,0.1,0.01,0.0001,14,24,36,56,7,26,36,0.1,0.51,1,6,1,6,2,0.1,0.2,0.2,0.01,0.001,0.001,0.01,0.51,1,3,1,8,140,43,155,23,205,13,110,112,214,1,5,4,5,0.01,0.01,0.01,0.01,0.1,0.807071080502801
12,13,5,0.9,96,2,17,17,29.4,15,5,623854,119,499,1930,0.3,0.01,0.1,0.2,0.5,0.3,49,24,37,439,7,99,70,0.1,0.51,1,6,1,6,2,0.3,0.9,0.2,0.01,0.001,0.3,0.01,0.51,1,3,1,8,995,43,155,23,205,599,1999,112,543,1,9,4,19,0.01,0.01,0.01,0.01,0.1,0.7937549666656117
13,14,7,0.5,58,58,64,64,30.5,32,10,6073511,24,151,1425,0.3,0.3,0.3,0.6,0.3,0.3,62,67,84,585,176,68,72,0.1,0.51,1,6,1,6,11,0.6,0.6,0.2,0.01,0.3,0.2,0.01,0.51,1,3,1,8,636,307,645,23,205,13,110,621,668,28,18,29,12,0.5,0.01,0.01,0.01,1.1,0.7900956498100682
14,15,6,0.3,35,33,43,43,18.5,22,8,3656518,24,151,1115,0.2,0.2,0.2,0.4,0.2,0.2,40,47,62,351,101,49,56,0.1,0.51,1,6,1,6,7,0.4,0.4,0.2,0.01,0.2,0.1,0.01,0.51,1,3,1,8,416,190,427,23,205,13,110,395,466,16,12,18,9,0.3,0.01,0.01,0.01,0.7,0.7793330133675653
15,16,5,0.1,14,10,23,23,7.6,13,5,1442561,119,499,830,0.001,0.01,0.01,0.2,0.01,0.0001,21,30,42,135,32,32,40,0.5,0.9,19,49,19,49,3,0.2,0.3,0.2,0.2,0.001,0.001,0.5,0.51,9,39,19,89,214,82,228,499,999,599,1999,188,282,4,6,7,5,0.1,0.01,0.01,0.01,0.3,0.7793330133675653
16,17,5,0.2,20,16,29,29,10.9,16,6,2122563,24,151,917,0.1,0.1,0.1,0.3,0.1,0.1,27,35,48,200,52,37,45,0.1,0.51,1,6,1,6,4,0.3,0.3,0.2,0.01,0.1,0.001,0.01,0.51,1,3,1,8,275,115,289,23,205,13,110,250,337,8,8,10,6,0.2,0.01,0.01,0.01,0.4,0.7793330133675653
17,18,5,0.01,7,2,17,17,3.5,11,5,623854,24,151,726,0.001,0.01,0.01,0.1,0.01,0.0001,14,24,36,56,7,26,36,0.1,0.51,1,6,1,6,2,0.1,0.2,0.2,0.01,0.001,0.001,0.01,0.51,1,3,1,8,140,43,155,23,205,13,110,112,214,1,5,4,5,0.01,0.01,0.01,0.01,0.1,0.7793330133675653
18,19,5,0.2,29,23,39,35,16.1,19,6,2915572,24,151,1050,0.1,0.1,0.1,0.4,0.1,0.1,35,44,51,274,73,39,52,0.1,0.51,1,6,1,6,4,0.4,0.3,0.2,0.01,0.1,0.1,0.01,0.51,1,3,1,8,379,146,392,23,205,13,110,344,415,14,10,12,6,0.3,0.01,0.01,0.01,0.5,0.7793330133675653
19,20,5,0.2,22,19,31,31,12.0,17,6,2335452,119,499,945,0.1,0.1,0.1,0.2,0.1,0.1,29,37,50,222,59,38,47,0.5,0.9,19,49,19,49,4,0.2,0.3,0.2,0.2,0.1,0.1,0.5,0.51,9,39,19,89,295,126,308,499,999,599,1999,271,356,9,9,11,7,0.2,0.01,0.01,0.01,0.4,0.7793330133675653
20,21,9,0.9,96,99,99,99,49.9,49,15,9992056,119,499,1930,0.5,0.5,0.5,0.9,0.5,0.5,98,99,119,968,299,99,99,0.5,0.9,19,49,19,49,19,0.9,0.9,0.2,0.2,0.5,0.3,0.5,0.51,9,39,19,89,995,499,999,499,999,599,1999,989,996,49,29,49,19,0.9,1.0,1.0,1.0,1.9,0.7793330133675653
21,22,5,0.01,7,2,17,17,3.5,11,5,623854,24,151,726,0.001,0.01,0.01,0.1,0.01,0.0001,14,24,36,56,7,26,36,0.1,0.51,1,6,1,6,2,0.1,0.2,0.2,0.01,0.001,0.001,0.01,0.51,1,3,1,8,140,43,155,23,205,13,110,112,214,1,5,4,5,0.01,0.01,0.01,0.01,0.1,0.7793330133675653
22,23,9,0.9,96,99,99,99,49.9,49,15,9992056,119,499,1930,0.5,0.5,0.5,0.9,0.5,0.5,98,99,119,968,299,99,99,0.5,0.9,19,49,19,49,19,0.9,0.9,0.2,0.2,0.5,0.3,0.5,0.51,9,39,19,89,995,499,999,499,999,599,1999,989,996,49,29,49,19,0.9,1.0,1.0,1.0,1.9,0.7793330133675653
23,24,5,0.1,14,9,23,23,7.6,13,5,1448861,24,151,831,0.1,0.1,0.1,0.2,0.1,0.1,21,29,42,135,31,31,40,0.1,0.51,1,6,1,6,3,0.2,0.3,0.2,0.01,0.1,0.001,0.01,0.51,1,3,1,8,214,82,228,23,205,13,110,188,282,4,6,7,5,0.1,0.01,0.01,0.01,0.3,0.7793330133675653
24,25,5,0.3,32,30,40,40,17.4,21,7,3447045,119,499,1087,0.2,0.2,0.2,0.4,0.2,0.2,38,46,59,329,94,47,54,0.5,0.9,19,49,19,49,6,0.4,0.4,0.2,0.2,0.2,0.1,0.5,0.51,9,39,19,89,396,179,408,499,999,599,1999,375,448,14,11,16,8,0.3,0.01,0.01,0.01,0.6,0.7793330133675653
25,26,6,0.3,32,29,40,40,16.8,21,7,3317232,24,151,1072,0.1,0.2,0.2,0.3,0.2,0.1,38,45,59,318,90,46,54,0.1,0.51,1,6,1,6,6,0.3,0.4,0.2,0.01,0.1,0.1,0.01,0.51,1,3,1,8,385,174,397,95,326,13,110,364,438,14,11,16,9,0.3,0.01,0.01,0.01,0.6,0.7793330133675653
26,27,5,0.1,14,10,23,23,7.3,14,5,1397894,24,151,823,0.001,0.01,0.01,0.2,0.01,0.0001,20,30,42,132,30,31,41,0.1,0.51,1,6,1,6,3,0.2,0.3,0.2,0.01,0.001,0.001,0.01,0.51,1,3,1,8,209,81,226,23,205,13,110,184,277,5,6,7,6,0.1,0.01,0.01,0.01,0.3,0.7793330133675653
27,28,9,0.9,96,99,99,99,49.9,49,15,9992056,119,499,1930,0.5,0.5,0.5,0.9,0.5,0.5,98,99,119,968,299,99,99,0.5,0.9,19,49,19,49,19,0.9,0.9,0.2,0.2,0.5,0.3,0.5,0.51,9,39,19,89,995,499,999,499,999,599,1999,989,996,49,29,49,19,0.9,1.0,1.0,1.0,1.9,0.7793330133675653
28,29,9,0.9,96,99,99,99,49.9,49,15,9992056,119,499,1930,0.5,0.5,0.5,0.9,0.5,0.5,98,99,119,968,299,99,99,0.5,0.9,19,49,19,49,19,0.9,0.9,0.2,0.2,0.5,0.3,0.5,0.51,9,39,19,89,995,499,999,499,999,599,1999,989,996,49,29,49,19,0.9,1.0,1.0,1.0,1.9,0.7793330133675653
29,30,7,0.6,68,68,73,73,35.8,37,11,7148814,24,151,1563,0.4,0.4,0.4,0.6,0.4,0.4,71,75,93,690,209,76,79,0.1,0.51,1,6,1,6,13,0.6,0.7,0.2,0.01,0.4,0.2,0.01,0.51,1,3,1,8,734,360,742,23,205,13,110,722,758,34,21,34,14,0.6,0.01,0.01,0.01,1.4,0.7793330133675653
30,31,5,0.01,7,2,17,17,3.5,11,5,623854,24,151,726,0.001,0.01,0.01,0.1,0.01,0.0001,14,24,36,56,7,26,36,0.1,0.51,1,6,1,6,2,0.1,0.2,0.2,0.01,0.001,0.001,0.01,0.51,1,3,1,8,140,43,155,23,205,13,110,112,214,1,5,4,5,0.01,0.01,0.01,0.01,0.1,0.7793330133675653
31,32,5,0.01,9,4,19,19,5.1,11,5,944647,24,151,765,0.001,0.01,0.01,0.1,0.01,0.0001,16,26,38,85,16,28,37,0.1,0.51,1,6,1,6,2,0.1,0.2,0.2,0.01,0.001,0.001,0.01,0.51,1,3,1,8,168,57,182,23,205,13,110,140,239,2,5,5,5,0.01,0.01,0.01,0.01,0.2,0.7793330133675653
32,33,5,0.2,22,20,31,31,11.7,18,6,2342171,24,151,939,0.1,0.1,0.1,0.2,0.1,0.1,29,37,50,226,58,38,47,0.1,0.51,1,6,1,6,4,0.2,0.3,0.2,0.01,0.1,0.1,0.01,0.51,1,3,1,8,291,130,316,23,205,13,110,272,352,10,9,11,7,0.2,0.01,0.01,0.01,0.4,0.7793330133675653
33,34,5,0.2,51,39,65,48,29.4,25,7,4837627,24,151,1391,0.1,0.1,0.1,0.6,0.3,0.3,59,68,54,449,120,41,71,0.1,0.51,1,6,1,6,5,0.6,0.4,0.2,0.01,0.1,0.2,0.01,0.51,1,3,1,8,647,218,659,23,205,13,110,580,610,29,16,15,7,0.5,0.01,0.01,0.01,0.5,0.7793330133675653
34,35,9,0.9,96,99,99,99,49.9,49,15,9992056,119,499,1930,0.5,0.5,0.5,0.9,0.5,0.5,98,99,119,968,299,99,99,0.5,0.9,19,49,19,49,19,0.9,0.9,0.2,0.2,0.5,0.3,0.5,0.51,9,39,19,89,995,499,999,499,999,599,1999,989,996,49,29,49,19,0.9,1.0,1.0,1.0,1.9,0.7793330133675653
35,36,9,0.9,96,99,99,99,49.9,49,15,9992056,119,499,1930,0.5,0.5,0.5,0.9,0.5,0.5,98,99,119,968,299,99,99,0.5,0.9,19,49,19,49,19,0.9,0.9,0.2,0.2,0.5,0.3,0.5,0.51,9,39,19,89,995,499,999,499,999,599,1999,989,996,49,29,49,19,0.9,1.0,1.0,1.0,1.9,0.7793330133675653
36,37,5,0.1,14,10,23,23,7.4,13,5,1417802,24,151,827,0.001,0.1,0.1,0.2,0.1,0.0001,20,29,42,133,31,31,41,0.1,0.51,1,6,1,6,3,0.2,0.2,0.2,0.01,0.001,0.001,0.01,0.51,1,3,1,8,212,81,226,23,205,13,110,186,280,4,6,7,5,0.1,0.01,0.01,0.01,0.3,0.7793330133675653
37,38,5,0.01,7,2,17,17,3.5,11,5,623854,24,151,726,0.001,0.01,0.01,0.1,0.01,0.0001,14,24,36,56,7,26,36,0.1,0.51,1,6,1,6,2,0.1,0.2,0.2,0.01,0.001,0.001,0.01,0.51,1,3,1,8,140,43,155,23,205,13,110,112,214,1,5,4,5,0.01,0.01,0.01,0.01,0.1,0.7793330133675653
38,39,6,0.3,38,36,46,46,20.3,24,8,4006851,119,499,1160,0.2,0.2,0.2,0.4,0.2,0.2,44,50,65,384,111,52,58,0.5,0.9,19,49,19,49,7,0.4,0.5,0.2,0.2,0.2,0.1,0.5,0.51,9,39,19,89,448,207,459,499,999,599,1999,428,495,17,13,19,9,0.3,0.01,0.01,0.01,0.8,0.7793330133675653
39,40,7,0.6,65,65,70,70,34.1,35,11,6776426,119,499,1516,0.3,0.3,0.3,0.6,0.3,0.3,69,73,90,656,199,73,77,0.5,0.9,19,49,19,49,13,0.6,0.7,0.2,0.2,0.3,0.2,0.5,0.51,9,39,19,89,703,343,709,499,999,599,1999,689,728,32,20,33,14,0.6,0.01,0.01,0.01,1.3,0.7793330133675653
40,41,9,0.9,96,99,99,99,49.9,49,15,9992056,119,499,1930,0.5,0.5,0.5,0.9,0.5,0.5,98,99,119,968,299,99,99,0.5,0.9,19,49,19,49,19,0.9,0.9,0.2,0.2,0.5,0.3,0.5,0.51,9,39,19,89,995,499,999,499,999,599,1999,989,996,49,29,49,19,0.9,1.0,1.0,1.0,1.9,0.7793330133675653
41,42,5,0.01,7,2,17,17,3.5,11,5,623854,24,151,726,0.001,0.01,0.01,0.1,0.01,0.0001,14,24,36,56,7,26,36,0.1,0.51,1,6,1,6,2,0.1,0.2,0.2,0.01,0.001,0.001,0.01,0.51,1,3,1,8,140,43,155,23,205,13,110,112,214,1,5,4,5,0.01,0.01,0.01,0.01,0.1,0.7793330133675653
42,43,5,0.1,16,11,25,25,8.4,14,5,1619604,24,151,852,0.1,0.1,0.1,0.2,0.1,0.0001,22,31,44,151,37,33,42,0.1,0.51,1,6,1,6,3,0.2,0.3,0.2,0.01,0.1,0.001,0.01,0.51,1,3,1,8,229,90,243,23,205,13,110,204,295,5,7,8,6,0.1,0.01,0.01,0.01,0.3,0.7793330133675653
43,44,5,0.01,7,10,26,26,9.1,15,5,623854,24,151,726,0.001,0.1,0.1,0.2,0.1,0.1,23,30,45,165,41,31,43,0.1,0.51,1,6,1,6,3,0.2,0.2,0.2,0.01,0.1,0.001,0.01,0.51,1,3,1,8,243,96,155,23,205,13,110,217,283,3,5,4,6,0.01,0.01,0.01,0.01,0.1,0.7793330133675653
44,45,5,0.01,7,2,17,17,3.5,11,5,623854,24,151,726,0.001,0.01,0.01,0.1,0.01,0.0001,14,24,36,56,7,26,36,0.1,0.51,1,6,1,6,2,0.1,0.2,0.2,0.01,0.001,0.001,0.01,0.51,1,3,1,8,140,43,155,23,205,13,110,112,214,1,5,4,5,0.01,0.01,0.01,0.01,0.1,0.7793330133675653
45,46,9,0.9,96,99,99,99,49.9,49,15,9992056,119,499,1930,0.5,0.5,0.5,0.9,0.5,0.5,98,99,119,968,299,99,99,0.5,0.9,19,49,19,49,19,0.9,0.9,0.2,0.2,0.5,0.3,0.5,0.51,9,39,19,89,995,499,999,499,999,599,1999,989,996,49,29,49,19,0.9,1.0,1.0,1.0,1.9,0.7793330133675653
46,47,5,0.2,20,16,29,29,10.9,16,5,2101634,24,151,917,0.1,0.1,0.1,0.2,0.1,0.1,26,34,48,198,51,36,45,0.1,0.51,1,6,1,6,3,0.2,0.3,0.2,0.01,0.1,0.001,0.01,0.51,1,3,1,8,276,113,289,23,205,13,110,250,337,8,8,10,6,0.2,0.01,0.01,0.01,0.4,0.7793330133675653
47,48,5,0.01,7,2,17,17,3.5,11,5,623854,24,151,726,0.001,0.01,0.01,0.1,0.01,0.0001,14,24,36,56,7,26,36,0.1,0.51,1,6,1,6,2,0.1,0.2,0.2,0.01,0.001,0.001,0.01,0.51,1,3,1,8,140,43,155,23,205,13,110,112,214,1,5,4,5,0.01,0.01,0.01,0.01,0.1,0.7793330133675653
48,49,7,0.5,59,58,65,65,30.8,33,10,6130541,119,499,1433,0.3,0.3,0.3,0.6,0.3,0.3,63,68,84,591,178,68,72,0.5,0.9,19,49,19,49,11,0.6,0.6,0.2,0.2,0.3,0.2,0.5,0.51,9,39,19,89,642,310,651,499,999,599,1999,627,673,29,19,30,13,0.5,0.01,0.01,0.01,1.2,0.7793330133675653
49,50,9,0.9,96,99,99,99,49.9,49,15,9992056,119,499,1930,0.5,0.5,0.5,0.9,0.5,0.5,98,99,119,968,299,99,99,0.5,0.9,19,49,19,49,19,0.9,0.9,0.2,0.2,0.5,0.3,0.5,0.51,9,39,19,89,995,499,999,499,999,599,1999,989,996,49,29,49,19,0.9,1.0,1.0,1.0,1.9,0.7793330133675653
50,51,6,0.4,42,44,54,54,24.7,28,8,4341032,24,151,1203,0.2,0.2,0.2,0.5,0.2,0.2,51,56,73,472,139,57,64,0.1,0.51,1,6,1,6,9,0.5,0.5,0.2,0.01,0.2,0.1,0.01,0.51,1,3,1,8,530,250,489,23,205,13,110,512,558,21,14,21,11,0.4,0.01,0.01,0.01,0.8,0.7793330133675653
51,52,5,0.01,9,4,18,18,4.6,11,5,847849,119,499,754,0.001,0.01,0.01,0.1,0.01,0.0001,15,25,37,77,13,27,37,0.5,0.9,19,49,19,49,2,0.1,0.2,0.2,0.2,0.001,0.001,0.5,0.51,9,39,19,89,160,53,175,499,999,599,1999,132,232,2,5,4,5,0.01,0.01,0.01,0.01,0.2,0.7793330133675653
52,53,5,0.01,7,2,17,17,3.5,11,5,623854,24,151,726,0.001,0.01,0.01,0.1,0.01,0.0001,14,24,36,56,7,26,36,0.1,0.51,1,6,1,6,2,0.1,0.2,0.2,0.01,0.001,0.001,0.01,0.51,1,3,1,8,140,43,155,23,205,13,110,112,214,1,5,4,5,0.01,0.01,0.01,0.01,0.1,0.7793330133675653
53,54,5,0.1,19,15,28,28,10.1,16,6,1954165,24,151,897,0.1,0.1,0.1,0.2,0.1,0.1,25,34,47,185,48,35,44,0.1,0.51,1,6,1,6,4,0.2,0.3,0.2,0.01,0.1,0.001,0.01,0.51,1,3,1,8,262,107,275,23,205,13,110,236,325,7,8,10,6,0.1,0.01,0.01,0.01,0.4,0.7793330133675653
54,55,5,0.01,7,2,17,17,3.5,11,5,623854,24,151,726,0.001,0.01,0.01,0.1,0.01,0.0001,14,24,36,56,7,26,36,0.1,0.51,1,6,1,6,2,0.1,0.2,0.2,0.01,0.001,0.001,0.01,0.51,1,3,1,8,140,43,155,23,205,13,110,112,214,1,5,4,5,0.01,0.01,0.01,0.01,0.1,0.7793330133675653
55,56,5,0.01,7,2,17,17,3.5,11,5,623854,24,151,726,0.001,0.01,0.01,0.1,0.01,0.0001,14,24,36,56,7,26,36,0.1,0.51,1,6,1,6,2,0.1,0.2,0.2,0.01,0.001,0.001,0.01,0.51,1,3,1,8,140,43,155,23,205,13,110,112,214,1,5,4,5,0.01,0.01,0.01,0.01,0.1,0.7793330133675653
56,57,5,0.01,7,2,17,17,3.5,11,5,623854,24,151,726,0.001,0.01,0.01,0.1,0.01,0.0001,14,24,36,56,7,26,36,0.1,0.51,1,6,1,6,2,0.1,0.2,0.2,0.01,0.001,0.001,0.01,0.51,1,3,1,8,140,43,155,23,205,13,110,112,214,1,5,4,5,0.01,0.01,0.01,0.01,0.1,0.7793330133675653
57,58,5,0.01,7,2,17,17,3.5,11,5,623854,24,151,726,0.001,0.01,0.01,0.1,0.01,0.0001,14,24,36,56,7,26,36,0.1,0.51,1,6,1,6,2,0.1,0.2,0.2,0.01,0.001,0.001,0.01,0.51,1,3,1,8,140,43,155,23,205,13,110,112,214,1,5,4,5,0.01,0.01,0.01,0.01,0.1,0.7793330133675653
58,59,9,0.9,96,99,99,99,49.9,49,15,9992056,119,499,1930,0.5,0.5,0.5,0.9,0.5,0.5,98,99,119,968,299,99,99,0.5,0.9,19,49,19,49,19,0.9,0.9,0.2,0.2,0.5,0.3,0.5,0.51,9,39,19,89,995,499,999,499,999,599,1999,989,996,49,29,49,19,0.9,1.0,1.0,1.0,1.9,0.7793330133675653
59,60,5,0.01,7,2,17,17,3.5,11,5,623854,24,151,726,0.001,0.01,0.01,0.1,0.01,0.0001,14,24,36,56,7,26,36,0.1,0.51,1,6,1,6,2,0.1,0.2,0.2,0.01,0.001,0.001,0.01,0.51,1,3,1,8,140,43,155,23,205,13,110,112,214,1,5,4,5,0.01,0.01,0.01,0.01,0.1,0.7793330133675653
60,61,5,0.1,20,16,28,29,10.3,16,6,2012273,24,151,911,0.1,0.1,0.1,0.2,0.1,0.1,26,35,48,194,49,37,45,0.1,0.51,1,6,1,6,4,0.2,0.3,0.2,0.01,0.1,0.001,0.01,0.51,1,3,1,8,264,110,280,23,205,13,110,246,333,7,8,10,6,0.1,0.01,0.01,0.01,0.4,0.7793330133675653
61,62,6,0.3,33,30,41,41,17.0,22,7,3340201,24,151,1076,0.1,0.2,0.2,0.3,0.2,0.1,38,46,60,320,91,47,54,0.1,0.51,1,6,1,6,6,0.3,0.4,0.2,0.01,0.1,0.1,0.01,0.51,1,3,1,8,394,178,403,23,205,13,110,365,440,14,11,17,9,0.3,0.01,0.01,0.01,0.6,0.7793330133675653
62,63,5,0.1,13,9,23,23,7.4,13,5,1406667,24,151,826,0.1,0.1,0.1,0.2,0.1,0.1,20,29,42,133,31,31,40,0.1,0.51,1,6,1,6,2,0.2,0.3,0.2,0.01,0.1,0.1,0.01,0.51,1,3,1,8,212,81,224,23,205,13,110,186,279,4,6,7,5,0.1,0.01,0.01,0.01,0.2,0.7793330133675653
63,64,5,0.01,7,2,17,17,3.5,11,5,623854,24,151,726,0.001,0.01,0.01,0.1,0.01,0.0001,14,24,36,56,7,26,36,0.1,0.51,1,6,1,6,2,0.1,0.2,0.2,0.01,0.001,0.001,0.01,0.51,1,3,1,8,140,43,155,23,205,13,110,112,214,1,5,4,5,0.01,0.01,0.01,0.01,0.1,0.7793330133675653
64,65,5,0.3,32,30,40,40,17.3,21,7,3410329,24,151,1081,0.1,0.1,0.1,0.3,0.1,0.1,38,45,59,327,92,46,54,0.1,0.51,1,6,1,6,6,0.3,0.4,0.2,0.01,0.1,0.1,0.01,0.51,1,3,1,8,394,178,405,23,205,13,110,373,445,14,11,16,8,0.3,0.01,0.01,0.01,0.6,0.7793330133675653
65,66,7,0.6,66,66,72,71,35.0,36,11,6915870,24,151,1542,0.3,0.3,0.3,0.7,0.3,0.3,70,74,90,667,201,73,78,0.1,0.51,1,6,1,6,12,0.7,0.7,0.2,0.01,0.3,0.2,0.01,0.51,1,3,1,8,721,347,729,23,205,13,110,705,741,33,20,33,13,0.6,0.01,0.01,0.01,1.3,0.7793330133675653
66,67,5,0.01,7,2,17,17,3.5,11,5,623854,24,151,726,0.001,0.01,0.01,0.1,0.01,0.0001,14,24,36,56,7,26,36,0.1,0.51,1,6,1,6,2,0.1,0.2,0.2,0.01,0.001,0.001,0.01,0.51,1,3,1,8,140,43,155,23,205,13,110,112,214,1,5,4,5,0.01,0.01,0.01,0.01,0.1,0.7793330133675653
67,68,5,0.01,7,2,17,17,3.5,11,5,623854,24,151,726,0.001,0.01,0.01,0.1,0.01,0.0001,14,24,36,56,7,26,36,0.1,0.51,1,6,1,6,2,0.1,0.2,0.2,0.01,0.001,0.001,0.01,0.51,1,3,1,8,140,43,155,23,205,13,110,112,214,1,5,4,5,0.01,0.01,0.01,0.01,0.1,0.7793330133675653
68,69,6,0.3,33,30,41,41,17.3,22,7,3409433,119,499,1083,0.2,0.2,0.2,0.3,0.2,0.2,38,46,60,326,93,47,54,0.5,0.9,19,49,19,49,6,0.3,0.4,0.2,0.2,0.2,0.1,0.5,0.51,9,39,19,89,394,178,405,499,999,599,1999,372,446,15,12,17,9,0.3,0.01,0.01,0.01,0.6,0.7793330133675653
69,70,5,0.1,16,13,27,27,9.4,15,5,1671005,119,499,861,0.1,0.1,0.1,0.2,0.1,0.1,24,32,46,171,43,34,43,0.5,0.9,19,49,19,49,3,0.2,0.3,0.2,0.2,0.1,0.001,0.5,0.51,9,39,19,89,248,100,249,499,999,599,1999,223,310,6,7,8,6,0.1,0.01,0.01,0.01,0.3,0.7793330133675653
70,71,5,0.01,7,2,17,17,3.5,11,5,623854,24,151,726,0.001,0.01,0.01,0.1,0.01,0.0001,14,24,36,56,7,26,36,0.1,0.51,1,6,1,6,2,0.1,0.2,0.2,0.01,0.001,0.001,0.01,0.51,1,3,1,8,140,43,155,23,205,13,110,112,214,1,5,4,5,0.01,0.01,0.01,0.01,0.1,0.7793330133675653
71,72,7,0.5,61,61,67,67,32.2,34,10,6420314,24,151,1471,0.3,0.3,0.3,0.6,0.3,0.3,65,69,87,619,186,70,74,0.1,0.51,1,6,1,6,12,0.6,0.6,0.2,0.01,0.3,0.2,0.01,0.51,1,3,1,8,671,326,678,23,205,13,110,654,697,30,19,31,13,0.6,0.01,0.01,0.01,1.2,0.7793330133675653
72,73,5,0.01,7,2,17,17,3.5,11,5,623854,24,151,726,0.001,0.01,0.01,0.1,0.01,0.0001,14,24,36,56,7,26,36,0.1,0.51,1,6,1,6,2,0.1,0.2,0.2,0.01,0.001,0.001,0.01,0.51,1,3,1,8,140,43,155,23,205,13,110,112,214,1,5,4,5,0.01,0.01,0.01,0.01,0.1,0.7793330133675653
73,74,5,0.01,7,2,17,17,3.5,11,5,623854,24,151,726,0.001,0.01,0.01,0.1,0.01,0.0001,14,24,36,56,7,26,36,0.1,0.51,1,6,1,6,2,0.1,0.2,0.2,0.01,0.001,0.001,0.01,0.51,1,3,1,8,140,43,155,23,205,13,110,112,214,1,5,4,5,0.01,0.01,0.01,0.01,0.1,0.7793330133675653
74,75,5,0.01,7,2,17,17,3.5,11,5,623854,24,151,726,0.001,0.01,0.01,0.1,0.01,0.0001,14,24,36,56,7,26,36,0.1,0.51,1,6,1,6,2,0.1,0.2,0.2,0.01,0.001,0.001,0.01,0.51,1,3,1,8,140,43,155,23,205,13,110,112,214,1,5,4,5,0.01,0.01,0.01,0.01,0.1,0.7793330133675653
75,76,5,0.01,7,2,17,17,3.5,11,5,623854,24,151,726,0.001,0.01,0.01,0.1,0.01,0.0001,14,24,36,56,7,26,36,0.1,0.51,1,6,1,6,2,0.1,0.2,0.2,0.01,0.001,0.001,0.01,0.51,1,3,1,8,140,43,155,23,205,13,110,112,214,1,5,4,5,0.01,0.01,0.01,0.01,0.1,0.7793330133675653
76,77,5,0.01,7,2,17,17,3.5,11,5,623854,24,151,726,0.001,0.01,0.01,0.1,0.01,0.0001,14,24,36,56,7,26,36,0.1,0.51,1,6,1,6,2,0.1,0.2,0.2,0.01,0.001,0.001,0.01,0.51,1,3,1,8,140,43,155,23,205,13,110,112,214,1,5,4,5,0.01,0.01,0.01,0.01,0.1,0.7793330133675653
77,78,5,0.01,7,2,17,17,3.5,11,5,623854,24,151,726,0.001,0.01,0.01,0.1,0.01,0.0001,14,24,36,56,7,26,36,0.1,0.51,1,6,1,6,2,0.1,0.2,0.2,0.01,0.001,0.001,0.01,0.51,1,3,1,8,140,43,155,23,205,13,110,112,214,1,5,4,5,0.01,0.01,0.01,0.01,0.1,0.7793330133675653
78,79,5,0.01,7,2,17,17,3.5,11,5,623854,24,151,726,0.001,0.01,0.01,0.1,0.01,0.0001,14,24,36,56,7,26,36,0.1,0.51,1,6,1,6,2,0.1,0.2,0.2,0.01,0.001,0.001,0.01,0.51,1,3,1,8,140,43,155,23,205,13,110,112,214,1,5,4,5,0.01,0.01,0.01,0.01,0.1,0.7793330133675653
79,80,5,0.01,7,2,17,17,3.5,11,5,623854,24,151,726,0.001,0.01,0.01,0.1,0.01,0.0001,14,24,36,56,7,26,36,0.1,0.51,1,6,1,6,2,0.1,0.2,0.2,0.01,0.001,0.001,0.01,0.51,1,3,1,8,140,43,155,23,205,13,110,112,214,1,5,4,5,0.01,0.01,0.01,0.01,0.1,0.7793330133675653
80,81,5,0.01,7,2,17,17,3.5,11,5,623854,24,151,726,0.001,0.01,0.01,0.1,0.01,0.0001,14,24,36,56,7,26,36,0.1,0.51,1,6,1,6,2,0.1,0.2,0.2,0.01,0.001,0.001,0.01,0.51,1,3,1,8,140,43,155,23,205,13,110,112,214,1,5,4,5,0.01,0.01,0.01,0.01,0.1,0.7793330133675653
81,82,5,0.01,7,2,17,17,3.5,11,5,623854,24,151,726,0.001,0.01,0.01,0.1,0.01,0.0001,14,24,36,56,7,26,36,0.1,0.51,1,6,1,6,2,0.1,0.2,0.2,0.01,0.001,0.001,0.01,0.51,1,3,1,8,140,43,155,23,205,13,110,112,214,1,5,4,5,0.01,0.01,0.01,0.01,0.1,0.7793330133675653
82,83,5,0.01,7,2,17,17,3.5,11,5,623854,24,151,726,0.001,0.01,0.01,0.1,0.01,0.0001,14,24,36,56,7,26,36,0.1,0.51,1,6,1,6,2,0.1,0.2,0.2,0.01,0.001,0.001,0.01,0.51,1,3,1,8,140,43,155,23,205,13,110,112,214,1,5,4,5,0.01,0.01,0.01,0.01,0.1,0.7793330133675653
83,84,5,0.01,7,2,17,17,3.5,11,5,623854,24,151,726,0.001,0.01,0.01,0.1,0.01,0.0001,14,24,36,56,7,26,36,0.1,0.51,1,6,1,6,2,0.1,0.2,0.2,0.01,0.001,0.001,0.01,0.51,1,3,1,8,140,43,155,23,205,13,110,112,214,1,5,4,5,0.01,0.01,0.01,0.01,0.1,0.7793330133675653
84,85,5,0.3,39,37,47,46,20.9,24,8,4093361,24,151,1175,0.2,0.2,0.2,0.4,0.2,0.2,44,51,65,392,113,51,59,0.1,0.51,1,6,1,6,7,0.4,0.4,0.2,0.01,0.2,0.1,0.01,0.51,1,3,1,8,459,210,470,23,205,13,110,438,504,18,13,19,9,0.4,0.01,0.01,0.01,0.7,0.7566315693354777
85,86,5,0.01,7,2,17,17,3.5,11,5,623854,24,151,726,0.001,0.01,0.01,0.1,0.01,0.0001,14,24,36,56,7,26,36,0.1,0.51,1,6,1,6,2,0.1,0.2,0.2,0.01,0.001,0.001,0.01,0.51,1,3,1,8,140,43,155,23,205,13,110,112,214,1,5,4,5,0.01,0.01,0.01,0.01,0.1,0.7542526775529699
86,87,7,0.6,66,66,71,71,34.4,36,11,6868106,119,499,1528,0.3,0.3,0.3,0.6,0.3,0.3,69,73,91,663,201,74,77,0.5,0.9,19,49,19,49,13,0.6,0.7,0.2,0.2,0.3,0.2,0.5,0.51,9,39,19,89,709,346,717,499,999,599,1999,696,735,32,20,33,14,0.6,0.01,0.01,0.01,1.3,0.7542258718176921
87,88,5,0.01,7,2,17,17,3.5,11,5,623854,24,151,726,0.001,0.01,0.01,0.1,0.01,0.0001,14,24,36,56,7,26,36,0.1,0.51,1,6,1,6,2,0.1,0.2,0.2,0.01,0.001,0.001,0.01,0.51,1,3,1,8,140,43,155,23,205,13,110,112,214,1,5,4,5,0.01,0.01,0.01,0.01,0.1,0.752285022347114
88,89,5,0.2,29,26,37,37,15.4,20,7,3015646,119,499,1033,0.1,0.1,0.1,0.3,0.1,0.1,35,42,56,289,81,44,51,0.5,0.9,19,49,19,49,5,0.3,0.4,0.2,0.2,0.1,0.1,0.5,0.51,9,39,19,89,358,159,370,499,999,599,1999,336,413,13,10,15,8,0.2,0.01,0.01,0.01,0.6,0.7356107721203737
89,90,5,0.1,11,6,21,21,5.9,12,5,1099411,119,499,787,0.001,0.01,0.01,0.1,0.01,0.0001,18,27,40,102,21,29,39,0.5,0.9,19,49,19,49,2,0.1,0.2,0.2,0.2,0.001,0.001,0.5,0.51,9,39,19,89,183,66,197,499,999,599,1999,156,253,3,6,6,5,0.1,0.01,0.01,0.01,0.2,0.7348662526663385
90,91,7,0.5,53,51,59,59,27.7,30,9,5476660,24,151,1353,0.3,0.3,0.3,0.5,0.3,0.3,57,62,78,527,157,63,68,0.1,0.51,1,6,1,6,10,0.5,0.5,0.2,0.01,0.3,0.1,0.01,0.51,1,3,1,8,586,278,596,23,205,13,110,568,620,26,17,26,11,0.5,0.01,0.01,0.01,1.0,0.7262507751005892
91,92,5,0.2,27,31,46,36,20.4,24,6,4055092,24,151,1013,0.1,0.2,0.1,0.4,0.2,0.1,44,41,57,276,76,42,54,0.1,0.51,1,6,1,6,5,0.3,0.4,0.2,0.01,0.2,0.001,0.01,0.51,1,3,1,8,344,153,388,23,205,13,110,322,400,12,11,15,7,0.2,0.01,0.01,0.01,0.5,0.7210871768853275
92,93,5,0.1,16,12,25,25,8.5,14,6,1631156,24,151,855,0.1,0.1,0.1,0.2,0.1,0.1,22,31,44,153,38,33,42,0.1,0.51,1,6,1,6,3,0.2,0.3,0.2,0.01,0.1,0.001,0.01,0.51,1,3,1,8,231,91,245,23,205,13,110,206,298,6,7,8,6,0.1,0.01,0.01,0.01,0.3,0.7159719536936711
93,94,5,0.01,7,2,17,17,3.5,11,5,623854,24,151,726,0.001,0.01,0.01,0.1,0.01,0.0001,14,24,36,56,7,26,36,0.1,0.51,1,6,1,6,2,0.1,0.2,0.2,0.01,0.001,0.001,0.01,0.51,1,3,1,8,140,43,155,23,205,13,110,112,214,1,5,4,5,0.01,0.01,0.01,0.01,0.1,0.7105037640337974
94,95,5,0.01,7,2,17,17,3.5,11,5,623854,24,151,726,0.001,0.01,0.01,0.1,0.01,0.0001,14,24,36,56,7,26,36,0.1,0.51,1,6,1,6,2,0.1,0.2,0.2,0.01,0.001,0.001,0.01,0.51,1,3,1,8,140,43,155,23,205,13,110,112,214,1,5,4,5,0.01,0.01,0.01,0.01,0.1,0.7047119485047266
95,96,9,0.9,96,99,99,99,49.9,49,15,9992056,119,499,1930,0.5,0.5,0.5,0.9,0.5,0.5,98,99,119,968,299,99,99,0.5,0.9,19,49,19,49,19,0.9,0.9,0.2,0.2,0.5,0.3,0.5,0.51,9,39,19,89,995,499,999,499,999,599,1999,989,996,49,29,49,19,0.9,1.0,1.0,1.0,1.9,0.7044530510344685
96,97,5,0.01,8,3,18,18,4.2,11,5,775661,24,151,745,0.001,0.01,0.01,0.1,0.01,0.0001,15,25,37,70,11,27,36,0.1,0.51,1,6,1,6,2,0.1,0.2,0.2,0.01,0.001,0.001,0.01,0.51,1,3,1,8,153,50,168,23,205,13,110,125,226,1,5,4,5,0.01,0.01,0.01,0.01,0.2,0.7044530510344685
97,98,7,0.3,96,99,99,17,10.1,49,8,623854,119,499,1442,0.1,0.5,0.1,0.3,0.01,0.0001,14,24,119,56,118,99,99,0.1,0.51,1,6,19,49,19,0.3,0.4,0.2,0.01,0.001,0.001,0.01,0.51,9,39,1,8,995,43,470,23,205,599,1999,438,396,26,5,19,19,0.3,0.01,1.0,1.0,0.6,0.7011945552613263
98,99,9,0.9,96,99,99,99,49.9,49,15,9992056,119,499,1930,0.5,0.5,0.5,0.9,0.5,0.5,98,99,119,968,299,99,99,0.5,0.9,19,49,19,49,19,0.9,0.9,0.2,0.2,0.5,0.3,0.5,0.51,9,39,19,89,995,499,999,499,999,599,1999,989,996,49,29,49,19,0.9,1.0,1.0,1.0,1.9,0.7011803113126449
99,100,5,0.1,21,17,30,30,11.3,16,5,2202171,119,499,927,0.1,0.1,0.1,0.2,0.1,0.1,27,35,49,208,55,37,45,0.5,0.9,19,49,19,49,4,0.2,0.3,0.2,0.2,0.1,0.001,0.5,0.51,9,39,19,89,282,118,296,499,999,599,1999,258,344,8,8,10,6,0.1,0.01,0.01,0.01,0.4,0.6974259845446547
100,101,5,0.2,25,21,33,33,13.4,17,6,2635131,119,499,982,0.1,0.1,0.1,0.3,0.1,0.1,31,39,52,250,68,40,48,0.5,0.9,19,49,19,49,4,0.3,0.3,0.2,0.2,0.1,0.1,0.5,0.51,9,39,19,89,321,140,335,499,999,599,1999,298,379,10,9,12,6,0.2,0.01,0.01,0.01,0.5,0.6974259845446547
101,102,5,0.01,7,2,17,17,3.5,11,5,623854,24,151,726,0.001,0.01,0.01,0.1,0.01,0.0001,14,24,36,56,7,26,36,0.1,0.51,1,6,1,6,2,0.1,0.2,0.2,0.01,0.001,0.001,0.01,0.51,1,3,1,8,140,43,155,23,205,13,110,112,214,1,5,4,5,0.01,0.01,0.01,0.01,0.1,0.6926949659313213
102,103,5,0.01,7,2,17,17,3.5,11,5,623854,24,151,726,0.001,0.01,0.01,0.1,0.01,0.0001,14,24,36,56,7,26,36,0.1,0.51,1,6,1,6,2,0.1,0.2,0.2,0.01,0.001,0.001,0.01,0.51,1,3,1,8,140,43,155,23,205,13,110,112,214,1,5,4,5,0.01,0.01,0.01,0.01,0.1,0.6919062059744734
103,104,5,0.2,27,24,35,35,14.1,19,6,2763673,24,151,1000,0.1,0.1,0.1,0.3,0.1,0.1,32,40,54,263,73,42,50,0.1,0.51,1,6,1,6,5,0.3,0.3,0.2,0.01,0.1,0.1,0.01,0.51,1,3,1,8,334,146,347,23,205,13,110,311,392,11,10,13,7,0.2,0.01,0.01,0.01,0.5,0.6812273925793869
104,105,5,0.1,18,14,27,27,9.9,15,5,1890904,24,151,888,0.1,0.1,0.1,0.2,0.1,0.1,24,33,46,182,46,35,44,0.1,0.51,1,6,1,6,3,0.2,0.3,0.2,0.01,0.1,0.1,0.01,0.51,1,3,1,8,258,105,268,23,205,13,110,233,320,7,7,9,6,0.1,0.01,0.01,0.01,0.3,0.677383885451565
105,106,5,0.01,7,2,17,17,3.5,11,5,623854,24,151,726,0.001,0.01,0.01,0.1,0.01,0.0001,14,24,36,56,7,26,36,0.1,0.51,1,6,1,6,2,0.1,0.2,0.2,0.01,0.001,0.001,0.01,0.51,1,3,1,8,140,43,155,23,205,13,110,112,214,1,5,4,5,0.01,0.01,0.01,0.01,0.1,0.6770986910930731
106,107,7,0.6,64,64,69,69,33.4,35,11,6666884,24,151,1502,0.3,0.3,0.3,0.6,0.3,0.3,68,72,89,644,195,73,76,0.1,0.51,1,6,1,6,12,0.6,0.6,0.2,0.01,0.3,0.2,0.01,0.51,1,3,1,8,691,336,699,95,326,13,110,677,718,31,20,32,13,0.6,0.01,0.01,0.01,1.3,0.6768449676787696
107,108,5,0.01,7,2,17,17,3.5,11,5,623854,24,151,726,0.001,0.01,0.01,0.1,0.01,0.0001,14,24,36,56,7,26,36,0.1,0.51,1,6,1,6,2,0.1,0.2,0.2,0.01,0.001,0.001,0.01,0.51,1,3,1,8,140,43,155,23,205,13,110,112,214,1,5,4,5,0.01,0.01,0.01,0.01,0.1,0.6750692270457668
108,109,5,0.01,9,6,21,21,6.2,12,5,877218,119,499,759,0.001,0.01,0.01,0.1,0.01,0.0001,18,27,40,107,23,29,39,0.5,0.9,19,49,19,49,2,0.1,0.2,0.2,0.2,0.001,0.001,0.5,0.51,9,39,19,89,189,68,178,499,999,599,1999,162,252,2,5,5,5,0.01,0.01,0.01,0.01,0.2,0.6750692270457668
109,110,5,0.1,14,10,24,24,7.6,14,5,1453211,24,151,832,0.001,0.1,0.1,0.2,0.1,0.0001,21,30,43,136,32,32,41,0.1,0.51,1,6,1,6,3,0.2,0.3,0.2,0.01,0.001,0.001,0.01,0.51,1,3,1,8,215,83,229,23,205,13,110,189,283,5,7,7,6,0.1,0.01,0.01,0.01,0.3,0.6750692270457668
110,111,5,0.1,14,10,24,24,7.6,14,5,1453211,24,151,832,0.001,0.1,0.1,0.2,0.1,0.0001,21,30,43,136,32,32,41,0.1,0.51,1,6,1,6,3,0.2,0.3,0.2,0.01,0.001,0.001,0.01,0.51,1,3,1,8,215,83,229,23,205,13,110,189,283,5,7,7,6,0.1,0.01,0.01,0.01,0.3,0.6750692270457668
111,112,5,0.01,7,2,17,17,3.5,11,5,623854,24,151,726,0.001,0.01,0.01,0.1,0.01,0.0001,14,24,36,56,7,26,36,0.1,0.51,1,6,1,6,2,0.1,0.2,0.2,0.01,0.001,0.001,0.01,0.51,1,3,1,8,140,43,155,23,205,13,110,112,214,1,5,4,5,0.01,0.01,0.01,0.01,0.1,0.6750682543438096
112,113,5,0.1,14,9,23,23,7.6,13,5,1448861,24,151,831,0.1,0.1,0.1,0.2,0.1,0.1,21,29,42,135,31,31,40,0.1,0.51,1,6,1,6,3,0.2,0.3,0.2,0.01,0.1,0.001,0.01,0.51,1,3,1,8,214,82,228,23,205,13,110,188,282,4,6,7,5,0.1,0.01,0.01,0.01,0.3,0.6750682543438096
113,114,5,0.1,14,9,23,23,7.6,13,5,1448861,24,151,831,0.1,0.1,0.1,0.2,0.1,0.1,21,29,42,135,31,31,40,0.1,0.51,1,6,1,6,3,0.2,0.3,0.2,0.01,0.1,0.001,0.01,0.51,1,3,1,8,214,82,228,23,205,13,110,188,282,4,6,7,5,0.1,0.01,0.01,0.01,0.3,0.6750682543438096
114,115,5,0.3,33,31,41,41,18.0,21,7,3543045,119,499,1100,0.2,0.2,0.2,0.4,0.2,0.2,39,46,61,339,97,47,55,0.5,0.9,19,49,19,49,6,0.4,0.4,0.2,0.2,0.2,0.1,0.5,0.51,9,39,19,89,405,184,417,499,999,599,1999,384,456,15,11,17,8,0.3,0.01,0.01,0.01,0.7,0.6736599097501048
115,116,9,0.9,96,99,99,99,49.9,49,15,9992056,119,499,1930,0.5,0.5,0.5,0.9,0.5,0.5,98,99,119,968,299,99,99,0.5,0.9,19,49,19,49,19,0.9,0.9,0.2,0.2,0.5,0.3,0.5,0.51,9,39,19,89,995,499,999,499,999,599,1999,989,996,49,29,49,19,0.9,1.0,1.0,1.0,1.9,0.6728180033355778
116,117,5,0.3,34,32,43,41,18.7,22,7,3666805,24,151,1118,0.2,0.2,0.2,0.4,0.2,0.2,40,48,60,352,98,47,55,0.1,0.51,1,6,1,6,6,0.4,0.4,0.2,0.01,0.2,0.1,0.01,0.51,1,3,1,8,422,190,439,23,205,13,110,400,466,16,12,16,8,0.3,0.01,0.01,0.01,0.7,0.6728180033355778
117,118,5,0.01,7,2,17,17,3.5,11,5,623854,24,151,726,0.001,0.01,0.01,0.1,0.01,0.0001,14,24,36,56,7,26,36,0.1,0.51,1,6,1,6,2,0.1,0.2,0.2,0.01,0.001,0.001,0.01,0.51,1,3,1,8,140,43,155,23,205,13,110,112,214,1,5,4,5,0.01,0.01,0.01,0.01,0.1,0.6728180033355778
118,119,5,0.01,7,2,17,17,3.5,11,5,623854,24,151,726,0.001,0.01,0.01,0.1,0.01,0.0001,14,24,36,56,7,26,36,0.1,0.51,1,6,1,6,2,0.1,0.2,0.2,0.01,0.001,0.001,0.01,0.51,1,3,1,8,140,43,155,23,205,13,110,112,214,1,5,4,5,0.01,0.01,0.01,0.01,0.1,0.6728180033355778
119,120,5,0.2,31,27,40,38,16.7,20,7,3156653,119,499,1067,0.1,0.1,0.1,0.3,0.2,0.1,37,45,55,300,83,43,53,0.5,0.9,19,49,19,49,5,0.3,0.4,0.2,0.2,0.1,0.1,0.5,0.51,9,39,19,89,387,162,399,499,999,599,1999,358,431,14,11,14,7,0.3,0.01,0.01,0.01,0.5,0.6728180033355778
120,121,5,0.01,7,2,17,17,3.5,11,5,623854,24,151,726,0.001,0.01,0.01,0.1,0.01,0.0001,14,24,36,56,7,26,36,0.1,0.51,1,6,1,6,2,0.1,0.2,0.2,0.01,0.001,0.001,0.01,0.51,1,3,1,8,140,43,155,23,205,13,110,112,214,1,5,4,5,0.01,0.01,0.01,0.01,0.1,0.6728180033355778
121,122,5,0.01,7,2,17,17,3.5,11,5,623854,24,151,726,0.001,0.01,0.01,0.1,0.01,0.0001,14,24,36,56,7,26,36,0.1,0.51,1,6,1,6,2,0.1,0.2,0.2,0.01,0.001,0.001,0.01,0.51,1,3,1,8,140,43,155,23,205,13,110,112,214,1,5,4,5,0.01,0.01,0.01,0.01,0.1,0.6728180033355778
122,123,9,0.9,96,99,99,99,49.9,49,15,9992056,119,499,1930,0.5,0.5,0.5,0.9,0.5,0.5,98,99,119,968,299,99,99,0.5,0.9,19,49,19,49,19,0.9,0.9,0.2,0.2,0.5,0.3,0.5,0.51,9,39,19,89,995,499,999,499,999,599,1999,989,996,49,29,49,19,0.9,1.0,1.0,1.0,1.9,0.6728180033355778
123,124,5,0.01,7,2,17,17,3.5,11,5,623854,24,151,726,0.001,0.01,0.01,0.1,0.01,0.0001,14,24,36,56,7,26,36,0.1,0.51,1,6,1,6,2,0.1,0.2,0.2,0.01,0.001,0.001,0.01,0.51,1,3,1,8,140,43,155,23,205,13,110,112,214,1,5,4,5,0.01,0.01,0.01,0.01,0.1,0.6728180033355778
124,125,5,0.01,7,2,17,17,3.5,11,5,623854,24,151,726,0.001,0.01,0.01,0.1,0.01,0.0001,14,24,36,56,7,26,36,0.1,0.51,1,6,1,6,2,0.1,0.2,0.2,0.01,0.001,0.001,0.01,0.51,1,3,1,8,140,43,155,23,205,13,110,112,214,1,5,4,5,0.01,0.01,0.01,0.01,0.1,0.6728180033355778
125,126,6,0.5,58,62,65,64,30.6,34,10,6245231,24,151,1427,0.3,0.3,0.3,0.6,0.3,0.3,63,69,84,609,177,67,72,0.1,0.51,1,6,1,6,11,0.6,0.6,0.2,0.01,0.3,0.1,0.01,0.51,1,3,1,8,640,326,675,23,205,13,110,634,670,31,18,29,12,0.5,0.01,0.01,0.01,1.2,0.6728180033355778
126,127,5,0.01,7,2,17,17,3.5,11,5,623854,24,151,726,0.001,0.01,0.01,0.1,0.01,0.0001,14,24,36,56,7,26,36,0.1,0.51,1,6,1,6,2,0.1,0.2,0.2,0.01,0.001,0.001,0.01,0.51,1,3,1,8,140,43,155,23,205,13,110,112,214,1,5,4,5,0.01,0.01,0.01,0.01,0.1,0.6728180033355778
127,128,5,0.01,7,2,17,17,3.5,11,5,623854,24,151,726,0.001,0.01,0.01,0.1,0.01,0.0001,14,24,36,56,7,26,36,0.1,0.51,1,6,1,6,2,0.1,0.2,0.2,0.01,0.001,0.001,0.01,0.51,1,3,1,8,140,43,155,23,205,13,110,112,214,1,5,4,5,0.01,0.01,0.01,0.01,0.1,0.6728180033355778
128,129,5,0.01,7,2,17,17,3.5,11,5,623854,24,151,726,0.001,0.01,0.01,0.1,0.01,0.0001,14,24,36,56,7,26,36,0.1,0.51,1,6,1,6,2,0.1,0.2,0.2,0.01,0.001,0.001,0.01,0.51,1,3,1,8,140,43,155,23,205,13,110,112,214,1,5,4,5,0.01,0.01,0.01,0.01,0.1,0.6728180033355778
129,130,9,0.9,96,99,99,99,49.9,49,15,9992056,119,499,1930,0.5,0.5,0.5,0.9,0.5,0.5,98,99,119,968,299,99,99,0.5,0.9,19,49,19,49,19,0.9,0.9,0.2,0.2,0.5,0.3,0.5,0.51,9,39,19,89,995,499,999,499,999,599,1999,989,996,49,29,49,19,0.9,1.0,1.0,1.0,1.9,0.6728180033355778
130,131,5,0.1,15,10,24,24,8.0,14,5,1541833,24,151,843,0.1,0.1,0.1,0.2,0.1,0.1,22,30,43,144,34,32,41,0.1,0.51,1,6,1,6,3,0.2,0.3,0.2,0.01,0.1,0.001,0.01,0.51,1,3,1,8,222,87,237,23,205,13,110,196,289,5,6,7,5,0.1,0.01,0.01,0.01,0.3,0.6725608154612628
131,132,6,0.3,33,30,17,17,49.9,11,5,3499563,119,499,726,0.001,0.2,0.01,0.9,0.01,0.0001,14,99,60,56,7,47,36,0.1,0.51,1,6,1,6,2,0.9,0.4,0.2,0.01,0.1,0.1,0.01,0.51,1,3,1,8,401,499,414,23,205,599,1999,112,214,1,29,4,7,0.3,0.01,0.01,0.01,0.6,0.671612440892115
132,133,9,0.9,96,99,99,99,49.9,49,15,9992056,119,499,1930,0.5,0.5,0.5,0.9,0.5,0.5,98,99,119,968,299,99,99,0.5,0.9,19,49,19,49,19,0.9,0.9,0.2,0.2,0.5,0.3,0.5,0.51,9,39,19,89,995,499,999,499,999,599,1999,989,996,49,29,49,19,0.9,1.0,1.0,1.0,1.9,0.6684041534793428
133,134,6,0.5,55,55,61,61,29.4,31,10,5843137,24,151,1395,0.3,0.3,0.3,0.5,0.3,0.3,60,64,81,563,168,65,70,0.1,0.51,1,6,1,6,10,0.5,0.6,0.2,0.01,0.3,0.2,0.01,0.51,1,3,1,8,616,296,624,95,326,13,110,599,648,26,17,28,12,0.5,0.01,0.01,0.01,1.1,0.6684041534793428
134,135,5,0.1,18,13,27,27,9.8,15,5,1866225,24,151,888,0.1,0.1,0.1,0.2,0.1,0.1,24,33,45,175,44,34,43,0.1,0.51,1,6,1,6,3,0.2,0.3,0.2,0.01,0.1,0.001,0.01,0.51,1,3,1,8,256,101,270,23,205,13,110,230,318,7,7,8,5,0.2,0.01,0.01,0.01,0.3,0.6593771615002311
135,136,8,0.8,84,86,87,87,43.7,43,13,8746357,24,151,1769,0.4,0.4,0.4,0.8,0.4,0.4,86,88,107,846,259,89,90,0.1,0.51,1,6,1,6,16,0.8,0.8,0.2,0.01,0.4,0.3,0.01,0.51,1,3,1,8,881,438,887,23,205,13,110,872,891,42,25,42,17,0.8,0.01,0.01,0.01,1.7,0.6533231671207048
136,137,6,0.5,54,54,61,60,28.7,30,9,5716805,119,499,1379,0.3,0.3,0.3,0.6,0.3,0.3,58,64,80,550,164,65,69,0.5,0.9,19,49,19,49,10,0.6,0.6,0.2,0.2,0.3,0.2,0.5,0.51,9,39,19,89,604,290,613,499,999,599,1999,587,637,26,17,27,11,0.5,0.01,0.01,0.01,1.1,0.6515099577319772
137,138,9,0.9,96,99,99,99,49.9,49,15,9992056,119,499,1930,0.5,0.5,0.5,0.9,0.5,0.5,98,99,119,968,299,99,99,0.5,0.9,19,49,19,49,19,0.9,0.9,0.2,0.2,0.5,0.3,0.5,0.51,9,39,19,89,995,499,999,499,999,599,1999,989,996,49,29,49,19,0.9,1.0,1.0,1.0,1.9,0.6515099577319772
138,139,5,0.1,17,13,26,26,9.1,15,6,1748862,24,151,870,0.1,0.1,0.1,0.2,0.1,0.1,23,32,45,165,41,34,43,0.1,0.51,1,6,1,6,3,0.2,0.3,0.2,0.01,0.1,0.001,0.01,0.51,1,3,1,8,242,97,256,23,205,13,110,216,307,6,7,9,6,0.1,0.01,0.01,0.01,0.3,0.6515099577319772
139,140,6,0.4,42,42,49,49,22.3,26,8,4496014,24,151,1212,0.2,0.2,0.2,0.5,0.2,0.2,48,54,69,436,124,55,60,0.1,0.51,1,6,1,6,8,0.5,0.5,0.2,0.01,0.2,0.1,0.01,0.51,1,3,1,8,486,235,511,23,205,13,110,472,530,21,14,21,9,0.4,0.01,0.01,0.01,0.8,0.6515099577319772
140,141,5,0.2,21,18,30,30,11.4,17,6,2207910,24,151,927,0.1,0.1,0.1,0.3,0.1,0.1,27,36,49,209,55,37,46,0.1,0.51,1,6,1,6,4,0.3,0.3,0.2,0.01,0.1,0.1,0.01,0.51,1,3,1,8,283,119,296,23,205,13,110,259,345,8,8,11,6,0.2,0.01,0.01,0.01,0.4,0.6515099577319772
141,142,5,0.01,9,5,19,19,5.2,11,5,960715,24,151,768,0.001,0.01,0.01,0.1,0.01,0.0001,16,26,38,89,17,28,37,0.1,0.51,1,6,1,6,2,0.1,0.2,0.2,0.01,0.001,0.001,0.01,0.51,1,3,1,8,171,59,185,23,205,13,110,143,242,2,5,5,5,0.01,0.01,0.01,0.01,0.2,0.6515099577319772
142,143,5,0.2,27,24,35,35,14.3,19,7,2813573,24,151,1006,0.1,0.1,0.1,0.3,0.1,0.1,33,41,55,268,74,42,50,0.1,0.51,1,6,1,6,5,0.3,0.4,0.2,0.01,0.1,0.1,0.01,0.51,1,3,1,8,339,149,351,23,205,13,110,316,396,11,10,14,8,0.2,0.01,0.01,0.01,0.5,0.6515099577319772
143,144,5,0.01,7,2,17,17,3.5,11,5,623854,24,151,726,0.001,0.01,0.01,0.1,0.01,0.0001,14,24,36,56,7,26,36,0.1,0.51,1,6,1,6,2,0.1,0.2,0.2,0.01,0.001,0.001,0.01,0.51,1,3,1,8,140,43,155,23,205,13,110,112,214,1,5,4,5,0.01,0.01,0.01,0.01,0.1,0.6515099577319772
144,145,5,0.1,20,17,29,29,10.7,16,6,2070141,119,499,912,0.1,0.1,0.1,0.2,0.1,0.1,27,35,48,196,52,37,45,0.5,0.9,19,49,19,49,4,0.2,0.3,0.2,0.2,0.1,0.001,0.5,0.51,9,39,19,89,273,114,286,499,999,599,1999,247,334,8,8,10,7,0.1,0.01,0.01,0.01,0.4,0.6515099577319772
145,146,5,0.1,14,10,24,24,7.6,14,5,1453211,24,151,832,0.001,0.1,0.1,0.2,0.1,0.0001,21,30,43,136,32,32,41,0.1,0.51,1,6,1,6,3,0.2,0.3,0.2,0.01,0.001,0.001,0.01,0.51,1,3,1,8,215,83,229,23,205,13,110,189,283,5,7,7,6,0.1,0.01,0.01,0.01,0.3,0.6515099577319772
146,147,5,0.3,29,27,38,38,15.6,20,7,3098769,119,499,1039,0.1,0.1,0.1,0.3,0.1,0.1,36,43,57,295,82,44,52,0.5,0.9,19,49,19,49,6,0.3,0.4,0.2,0.2,0.1,0.1,0.5,0.51,9,39,19,89,363,162,377,499,999,599,1999,341,417,13,10,15,8,0.3,0.01,0.01,0.01,0.6,0.6515099577319772
147,148,6,0.3,35,33,43,43,18.5,23,8,3661224,24,151,1116,0.2,0.2,0.2,0.4,0.2,0.2,41,48,62,351,101,49,56,0.1,0.51,1,6,1,6,7,0.4,0.4,0.2,0.01,0.2,0.1,0.01,0.51,1,3,1,8,417,190,428,23,205,13,110,396,467,16,12,18,9,0.3,0.01,0.01,0.01,0.7,0.6515099577319772
148,149,5,0.01,7,2,17,17,3.5,11,5,623854,24,151,726,0.001,0.01,0.01,0.1,0.01,0.0001,14,24,36,56,7,26,36,0.1,0.51,1,6,1,6,2,0.1,0.2,0.2,0.01,0.001,0.001,0.01,0.51,1,3,1,8,140,43,155,23,205,13,110,112,214,1,5,4,5,0.01,0.01,0.01,0.01,0.1,0.6515099577319772
149,150,5,0.1,13,8,22,22,7.0,13,5,1335743,24,151,816,0.001,0.01,0.01,0.2,0.01,0.0001,20,29,41,124,28,31,40,0.1,0.51,1,6,1,6,2,0.2,0.2,0.2,0.01,0.001,0.001,0.01,0.51,1,3,1,8,204,77,218,23,205,13,110,177,272,4,6,6,5,0.1,0.01,0.01,0.01,0.3,0.6515099577319772
150,151,5,0.01,7,2,17,17,3.5,11,5,623854,24,151,726,0.001,0.01,0.01,0.1,0.01,0.0001,14,24,36,56,7,26,36,0.1,0.51,1,6,1,6,2,0.1,0.2,0.2,0.01,0.001,0.001,0.01,0.51,1,3,1,8,140,43,155,23,205,13,110,112,214,1,5,4,5,0.01,0.01,0.01,0.01,0.1,0.6515099577319772
151,152,9,0.9,96,99,99,99,49.9,49,15,9992056,119,499,1930,0.5,0.5,0.5,0.9,0.5,0.5,98,99,119,968,299,99,99,0.5,0.9,19,49,19,49,19,0.9,0.9,0.2,0.2,0.5,0.3,0.5,0.51,9,39,19,89,995,499,999,499,999,599,1999,989,996,49,29,49,19,0.9,1.0,1.0,1.0,1.9,0.6515099577319772
152,153,5,0.01,7,2,17,17,3.5,11,5,623854,24,151,726,0.001,0.01,0.01,0.1,0.01,0.0001,14,24,36,56,7,26,36,0.1,0.51,1,6,1,6,2,0.1,0.2,0.2,0.01,0.001,0.001,0.01,0.51,1,3,1,8,140,43,155,23,205,13,110,112,214,1,5,4,5,0.01,0.01,0.01,0.01,0.1,0.6515099577319772
153,154,8,0.7,74,75,79,79,38.9,39,12,7773623,24,151,1644,0.4,0.4,0.4,0.7,0.4,0.4,78,81,99,751,229,81,84,0.1,0.51,1,6,1,6,14,0.7,0.7,0.2,0.01,0.4,0.2,0.01,0.51,1,3,1,8,792,390,799,23,205,13,110,781,810,37,23,38,15,0.7,0.01,0.01,0.01,1.5,0.6515099577319772
154,155,7,0.5,59,59,66,65,31.5,33,10,6275878,24,151,1442,0.3,0.3,0.3,0.6,0.3,0.3,64,68,85,598,180,69,73,0.1,0.51,1,6,1,6,11,0.6,0.6,0.2,0.01,0.3,0.2,0.01,0.51,1,3,1,8,648,314,659,23,205,13,110,634,679,29,18,30,12,0.5,0.01,0.01,0.01,1.2,0.6515099577319772
155,156,5,0.1,15,11,25,25,8.3,14,5,1566691,119,499,847,0.1,0.1,0.1,0.2,0.1,0.1,22,31,44,151,37,33,42,0.5,0.9,19,49,19,49,3,0.2,0.3,0.2,0.2,0.1,0.001,0.5,0.51,9,39,19,89,229,90,240,499,999,599,1999,203,294,5,7,8,6,0.1,0.01,0.01,0.01,0.3,0.6515099577319772
156,157,9,0.9,96,99,99,99,49.9,49,15,9992056,119,499,1930,0.5,0.5,0.5,0.9,0.5,0.5,98,99,119,968,299,99,99,0.5,0.9,19,49,19,49,19,0.9,0.9,0.2,0.2,0.5,0.3,0.5,0.51,9,39,19,89,995,499,999,499,999,599,1999,989,996,49,29,49,19,0.9,1.0,1.0,1.0,1.9,0.6515099577319772
157,158,5,0.2,25,22,33,34,13.4,18,6,2613891,119,499,985,0.1,0.1,0.1,0.3,0.1,0.1,31,39,53,250,68,41,48,0.5,0.9,19,49,19,49,5,0.3,0.3,0.2,0.2,0.1,0.001,0.5,0.51,9,39,19,89,321,139,335,499,999,599,1999,300,381,10,9,12,7,0.2,0.01,0.01,0.01,0.5,0.6515099577319772
158,159,5,0.1,19,15,28,28,10.1,16,6,1959975,24,151,898,0.1,0.1,0.1,0.2,0.1,0.1,26,34,47,185,48,36,45,0.1,0.51,1,6,1,6,4,0.2,0.3,0.2,0.01,0.1,0.001,0.01,0.51,1,3,1,8,263,108,276,23,205,13,110,236,325,7,8,10,6,0.1,0.01,0.01,0.01,0.4,0.6515099577319772
159,160,9,0.01,65,3,18,17,30.6,18,6,6776426,119,499,1433,0.001,0.3,0.01,0.2,0.3,0.0001,63,25,119,56,7,38,47,0.1,0.51,19,49,19,49,2,0.6,0.2,0.2,0.01,0.001,0.001,0.01,0.51,1,3,1,8,642,43,155,23,205,13,110,112,670,1,20,4,5,0.9,0.01,0.01,0.01,1.2,0.639310317282658
160,161,5,0.3,38,2,41,19,3.5,11,5,623854,24,151,1184,0.001,0.5,0.01,0.4,0.5,0.0001,44,50,119,238,7,26,40,0.5,0.9,1,6,19,49,11,0.4,0.2,0.2,0.2,0.1,0.001,0.01,0.51,1,3,19,89,448,43,651,23,205,13,110,287,370,15,29,16,7,0.9,0.01,0.01,0.01,0.8,0.6389598356561499
161,162,5,0.6,96,29,99,17,7.3,30,5,623854,24,151,927,0.001,0.01,0.01,0.1,0.01,0.0001,98,40,54,474,7,31,36,0.1,0.51,1,6,19,49,19,0.1,0.2,0.2,0.2,0.2,0.1,0.01,0.51,1,3,1,8,140,499,659,499,999,13,110,112,214,1,5,4,7,0.5,0.01,0.01,0.01,0.5,0.6377567396978755
162,163,5,0.2,31,27,39,38,16.7,20,6,3243056,24,151,1067,0.1,0.1,0.1,0.3,0.1,0.1,36,44,56,308,85,44,52,0.1,0.51,1,6,1,6,5,0.3,0.4,0.2,0.01,0.1,0.1,0.01,0.51,1,3,1,8,384,168,400,23,205,13,110,361,432,14,10,14,7,0.3,0.01,0.01,0.01,0.6,0.6326996430344616
163,164,5,0.1,15,11,25,25,8.5,14,5,1557390,119,499,846,0.1,0.1,0.1,0.2,0.1,0.1,22,31,44,152,37,33,42,0.5,0.9,19,49,19,49,3,0.2,0.3,0.2,0.2,0.1,0.001,0.5,0.51,9,39,19,89,234,92,240,499,999,599,1999,205,295,5,6,8,5,0.1,0.01,0.01,0.01,0.3,0.627045121926656
164,165,5,0.01,7,2,17,17,3.5,11,5,623854,24,151,726,0.001,0.01,0.01,0.1,0.01,0.0001,14,24,36,56,7,26,36,0.1,0.51,1,6,1,6,2,0.1,0.2,0.2,0.01,0.001,0.001,0.01,0.51,1,3,1,8,140,43,155,23,205,13,110,112,214,1,5,4,5,0.01,0.01,0.01,0.01,0.1,0.6187350545375365
165,166,5,0.2,27,22,36,34,14.8,18,6,2777030,24,151,1017,0.1,0.1,0.1,0.3,0.1,0.1,33,41,52,262,71,40,50,0.1,0.51,1,6,1,6,4,0.3,0.3,0.2,0.01,0.1,0.1,0.01,0.51,1,3,1,8,351,143,363,23,205,13,110,322,398,12,9,12,6,0.3,0.01,0.01,0.01,0.5,0.6154127493154822
166,167,5,0.01,7,2,17,17,3.5,11,5,623854,24,151,726,0.001,0.01,0.01,0.1,0.01,0.0001,14,24,36,56,7,26,36,0.1,0.51,1,6,1,6,2,0.1,0.2,0.2,0.01,0.001,0.001,0.01,0.51,1,3,1,8,140,43,155,23,205,13,110,112,214,1,5,4,5,0.01,0.01,0.01,0.01,0.1,0.6093996224088787
167,168,5,0.2,24,21,33,33,12.7,18,6,2483286,24,151,964,0.1,0.1,0.1,0.3,0.1,0.1,30,38,52,236,64,40,48,0.1,0.51,1,6,1,6,5,0.3,0.3,0.2,0.01,0.1,0.1,0.01,0.51,1,3,1,8,309,133,322,95,326,13,110,285,368,10,9,12,7,0.2,0.01,0.01,0.01,0.5,0.606944215006505
168,169,8,0.7,79,81,84,84,41.4,42,13,8282687,24,151,1710,0.4,0.4,0.4,0.8,0.4,0.4,82,85,103,801,245,85,87,0.1,0.51,1,6,1,6,15,0.8,0.8,0.2,0.01,0.4,0.2,0.01,0.51,1,3,1,8,838,415,844,23,205,13,110,828,853,40,24,40,16,0.7,0.01,0.01,0.01,1.6,0.6027377074513678
169,170,5,0.01,7,2,17,17,3.5,11,5,623854,24,151,726,0.001,0.01,0.01,0.1,0.01,0.0001,14,24,36,56,7,26,36,0.1,0.51,1,6,1,6,2,0.1,0.2,0.2,0.01,0.001,0.001,0.01,0.51,1,3,1,8,140,43,155,23,205,13,110,112,214,1,5,4,5,0.01,0.01,0.01,0.01,0.1,0.6027377074513678
170,171,9,0.9,96,99,99,99,49.9,49,15,9992056,119,499,1930,0.5,0.5,0.5,0.9,0.5,0.5,98,99,119,968,299,99,99,0.5,0.9,19,49,19,49,19,0.9,0.9,0.2,0.2,0.5,0.3,0.5,0.51,9,39,19,89,995,499,999,499,999,599,1999,989,996,49,29,49,19,0.9,1.0,1.0,1.0,1.9,0.6027377074513678
171,172,6,0.3,32,29,40,40,16.9,21,7,3319837,24,151,1071,0.2,0.2,0.2,0.3,0.2,0.2,38,44,59,318,90,46,53,0.1,0.51,1,6,1,6,6,0.3,0.4,0.2,0.01,0.2,0.1,0.01,0.51,1,3,1,8,386,174,397,23,205,13,110,363,438,14,11,16,8,0.3,0.01,0.01,0.01,0.6,0.6027377074513678
172,173,6,0.3,32,29,40,40,16.9,21,7,3319837,24,151,1071,0.2,0.2,0.2,0.3,0.2,0.2,38,44,59,318,90,46,53,0.1,0.51,1,6,1,6,6,0.3,0.4,0.2,0.01,0.2,0.1,0.01,0.51,1,3,1,8,386,174,397,23,205,13,110,363,438,14,11,16,8,0.3,0.01,0.01,0.01,0.6,0.6027377074513678
173,174,7,0.5,56,56,62,62,29.6,32,10,5890780,119,499,1402,0.3,0.3,0.3,0.5,0.3,0.3,61,65,82,568,170,66,71,0.5,0.9,19,49,19,49,11,0.5,0.6,0.2,0.2,0.3,0.2,0.5,0.51,9,39,19,89,621,299,629,499,999,599,1999,604,653,27,18,29,12,0.5,0.01,0.01,0.01,1.1,0.6020532271785695
174,175,9,0.9,96,99,99,99,49.9,49,15,9992056,119,499,1930,0.5,0.5,0.5,0.9,0.5,0.5,98,99,119,968,299,99,99,0.5,0.9,19,49,19,49,19,0.9,0.9,0.2,0.2,0.5,0.3,0.5,0.51,9,39,19,89,995,499,999,499,999,599,1999,989,996,49,29,49,19,0.9,1.0,1.0,1.0,1.9,0.5963080085416599
175,176,6,0.2,24,33,53,32,24.2,27,7,4797814,119,499,960,0.1,0.2,0.1,0.5,0.2,0.1,51,38,55,233,63,40,56,0.5,0.9,19,49,19,49,5,0.3,0.3,0.2,0.2,0.1,0.1,0.5,0.51,9,39,19,89,306,131,375,499,999,599,1999,282,366,10,12,16,7,0.2,0.01,0.01,0.01,0.4,0.5929254945362481
176,177,5,0.01,9,5,19,19,5.2,11,5,960715,24,151,768,0.001,0.01,0.01,0.1,0.01,0.0001,16,26,38,89,17,28,37,0.1,0.51,1,6,1,6,2,0.1,0.2,0.2,0.01,0.001,0.001,0.01,0.51,1,3,1,8,171,59,185,23,205,13,110,143,242,2,5,5,5,0.01,0.01,0.01,0.01,0.2,0.5914682374774489
177,178,5,0.01,9,6,20,20,5.4,12,5,866482,119,499,759,0.001,0.01,0.01,0.1,0.01,0.0001,17,27,39,93,18,28,38,0.5,0.9,19,49,19,49,2,0.1,0.2,0.2,0.2,0.001,0.001,0.5,0.51,9,39,19,89,181,64,180,499,999,599,1999,148,242,2,5,5,5,0.01,0.01,0.01,0.01,0.1,0.5866053702688656
178,179,7,0.5,65,62,72,68,34.7,34,10,6675841,24,151,1534,0.3,0.3,0.3,0.7,0.3,0.3,70,75,84,640,191,68,78,0.1,0.51,1,6,1,6,11,0.7,0.6,0.2,0.01,0.3,0.2,0.01,0.51,1,3,1,8,722,330,731,23,205,13,110,696,730,33,20,30,12,0.6,0.01,0.01,0.01,1.2,0.5846131601512556
179,180,5,0.2,20,16,29,29,10.9,16,5,2101634,24,151,917,0.1,0.1,0.1,0.2,0.1,0.1,26,34,48,198,51,36,45,0.1,0.51,1,6,1,6,3,0.2,0.3,0.2,0.01,0.1,0.001,0.01,0.51,1,3,1,8,276,113,289,23,205,13,110,250,337,8,8,10,6,0.2,0.01,0.01,0.01,0.4,0.5822231973853018
180,181,9,0.9,96,99,99,99,49.9,49,15,9992056,119,499,1930,0.5,0.5,0.5,0.9,0.5,0.5,98,99,119,968,299,99,99,0.5,0.9,19,49,19,49,19,0.9,0.9,0.2,0.2,0.5,0.3,0.5,0.51,9,39,19,89,995,499,999,499,999,599,1999,989,996,49,29,49,19,0.9,1.0,1.0,1.0,1.9,0.5817527133586857
181,182,5,0.3,34,31,42,41,18.1,21,7,3576678,119,499,1103,0.2,0.2,0.2,0.4,0.2,0.2,39,46,61,341,97,48,55,0.5,0.9,19,49,19,49,6,0.4,0.4,0.2,0.2,0.2,0.1,0.5,0.51,9,39,19,89,407,185,419,499,999,599,1999,386,458,15,12,17,8,0.3,0.01,0.01,0.01,0.7,0.5747436807887205
182,183,5,0.2,24,21,33,33,12.9,18,6,2517236,24,151,966,0.1,0.1,0.1,0.3,0.1,0.1,30,38,52,238,65,40,48,0.1,0.51,1,6,1,6,5,0.3,0.4,0.2,0.01,0.1,0.1,0.01,0.51,1,3,1,8,311,134,324,23,205,13,110,287,370,10,9,12,7,0.2,0.01,0.01,0.01,0.5,0.5739720944033988
183,184,6,0.3,32,29,40,40,16.9,21,7,3319837,24,151,1071,0.2,0.2,0.2,0.3,0.2,0.2,38,44,59,318,90,46,53,0.1,0.51,1,6,1,6,6,0.3,0.4,0.2,0.01,0.2,0.1,0.01,0.51,1,3,1,8,386,174,397,23,205,13,110,363,438,14,11,16,8,0.3,0.01,0.01,0.01,0.6,0.5721689923792654
184,185,9,0.9,96,99,99,99,49.9,49,15,9992056,119,499,1930,0.5,0.5,0.5,0.9,0.5,0.5,98,99,119,968,299,99,99,0.5,0.9,19,49,19,49,19,0.9,0.9,0.2,0.2,0.5,0.3,0.5,0.51,9,39,19,89,995,499,999,499,999,599,1999,989,996,49,29,49,19,0.9,1.0,1.0,1.0,1.9,0.5678972826739359
185,186,7,0.3,40,64,89,48,44.4,44,9,8878912,24,151,1184,0.2,0.3,0.2,0.8,0.3,0.2,88,52,74,403,118,53,75,0.1,0.51,1,6,1,6,8,0.4,0.5,0.2,0.01,0.3,0.1,0.01,0.51,1,3,1,8,465,216,589,23,205,13,110,446,512,19,20,27,10,0.3,0.01,0.01,0.01,0.8,0.5672121327285764
186,187,5,0.3,34,32,42,42,18.2,22,7,3632314,24,151,1106,0.2,0.2,0.2,0.4,0.2,0.2,40,47,61,350,98,48,54,0.1,0.51,1,6,1,6,6,0.4,0.4,0.2,0.01,0.2,0.1,0.01,0.51,1,3,1,8,410,191,429,23,205,13,110,392,461,16,11,17,8,0.3,0.01,0.01,0.01,0.6,0.5650575939212098
187,188,5,0.01,8,3,18,18,4.4,11,5,799564,119,499,748,0.001,0.01,0.01,0.1,0.01,0.0001,15,25,37,72,12,27,37,0.5,0.9,19,49,19,49,2,0.1,0.2,0.2,0.2,0.001,0.001,0.5,0.51,9,39,19,89,155,51,170,499,999,599,1999,128,228,1,5,4,5,0.01,0.01,0.01,0.01,0.1,0.5542693607986728
188,189,5,0.01,9,4,19,19,4.9,12,5,901957,24,151,761,0.001,0.01,0.01,0.1,0.01,0.0001,16,26,38,82,15,28,37,0.1,0.51,1,6,1,6,2,0.1,0.2,0.2,0.01,0.001,0.001,0.01,0.51,1,3,1,8,165,56,179,23,205,13,110,137,237,2,5,5,5,0.01,0.01,0.01,0.01,0.2,0.5542693607986728
189,190,6,0.5,52,51,58,58,27.6,29,9,5479094,119,499,1348,0.3,0.3,0.3,0.5,0.3,0.3,56,62,78,527,157,63,68,0.5,0.9,19,49,19,49,10,0.5,0.6,0.2,0.2,0.3,0.2,0.5,0.51,9,39,19,89,582,278,591,499,999,599,1999,565,618,24,16,26,11,0.5,0.01,0.01,0.01,1.0,0.5533418546311062
190,191,5,0.2,36,28,48,39,20.7,21,6,3566425,24,151,1169,0.1,0.1,0.1,0.4,0.2,0.2,44,52,51,333,88,39,59,0.1,0.51,1,6,1,6,4,0.4,0.4,0.2,0.01,0.1,0.1,0.01,0.51,1,3,1,8,473,170,486,23,205,13,110,426,483,19,12,13,6,0.3,0.01,0.01,0.01,0.5,0.5501795527662261
191,192,5,0.2,28,26,38,38,15.7,20,7,2950002,24,151,1022,0.1,0.1,0.1,0.3,0.1,0.1,35,42,57,293,82,44,51,0.1,0.51,1,6,1,6,6,0.3,0.4,0.2,0.01,0.1,0.1,0.01,0.51,1,3,1,8,362,161,362,95,326,13,110,340,414,12,10,14,8,0.2,0.01,0.01,0.01,0.6,0.5465789983100765
192,193,6,0.3,37,35,44,44,19.4,23,8,3855247,24,151,1138,0.2,0.2,0.2,0.4,0.2,0.2,42,49,63,370,106,50,57,0.1,0.51,1,6,1,6,7,0.4,0.4,0.2,0.01,0.2,0.1,0.01,0.51,1,3,1,8,433,200,447,23,205,13,110,413,482,17,12,18,9,0.3,0.01,0.01,0.01,0.7,0.5459767826404396
193,194,5,0.01,7,2,17,17,3.5,11,5,623854,24,151,726,0.001,0.01,0.01,0.1,0.01,0.0001,14,24,36,56,7,26,36,0.1,0.51,1,6,1,6,2,0.1,0.2,0.2,0.01,0.001,0.001,0.01,0.51,1,3,1,8,140,43,155,23,205,13,110,112,214,1,5,4,5,0.01,0.01,0.01,0.01,0.1,0.5440159533855372
194,195,5,0.01,7,2,17,17,3.5,11,5,623854,24,151,726,0.001,0.01,0.01,0.1,0.01,0.0001,14,24,36,56,7,26,36,0.1,0.51,1,6,1,6,2,0.1,0.2,0.2,0.01,0.001,0.001,0.01,0.51,1,3,1,8,140,43,155,23,205,13,110,112,214,1,5,4,5,0.01,0.01,0.01,0.01,0.1,0.5412090942005764
195,196,9,0.9,96,99,99,99,49.9,49,15,9992056,119,499,1930,0.5,0.5,0.5,0.9,0.5,0.5,98,99,119,968,299,99,99,0.5,0.9,19,49,19,49,19,0.9,0.9,0.2,0.2,0.5,0.3,0.5,0.51,9,39,19,89,995,499,999,499,999,599,1999,989,996,49,29,49,19,0.9,1.0,1.0,1.0,1.9,0.5406058346054661
196,197,5,0.1,16,12,25,25,8.5,14,6,1631156,24,151,855,0.1,0.1,0.1,0.2,0.1,0.1,22,31,44,153,38,33,42,0.1,0.51,1,6,1,6,3,0.2,0.3,0.2,0.01,0.1,0.001,0.01,0.51,1,3,1,8,231,91,245,23,205,13,110,206,298,6,7,8,6,0.1,0.01,0.01,0.01,0.3,0.5405495534474742
197,198,5,0.1,16,12,25,25,8.5,14,6,1631156,24,151,855,0.1,0.1,0.1,0.2,0.1,0.1,22,31,44,153,38,33,42,0.1,0.51,1,6,1,6,3,0.2,0.3,0.2,0.01,0.1,0.001,0.01,0.51,1,3,1,8,231,91,245,23,205,13,110,206,298,6,7,8,6,0.1,0.01,0.01,0.01,0.3,0.5405495534474742
198,199,5,0.1,21,18,30,30,11.2,17,6,2169986,119,499,926,0.1,0.1,0.1,0.2,0.1,0.1,27,36,49,206,54,37,46,0.5,0.9,19,49,19,49,4,0.2,0.3,0.2,0.2,0.1,0.1,0.5,0.51,9,39,19,89,285,119,297,499,999,599,1999,257,343,8,8,11,7,0.2,0.01,0.01,0.01,0.4,0.5396539177261157
199,200,6,0.4,44,42,51,51,23.0,26,9,4568942,24,151,1232,0.2,0.2,0.2,0.5,0.2,0.2,49,55,70,439,129,56,62,0.1,0.51,6,17,1,6,8,0.5,0.5,0.2,0.1,0.2,0.1,0.01,0.51,1,3,1,8,499,234,509,111,351,174,629,480,543,21,14,22,10,0.4,0.01,0.01,0.01,0.9,0.5396539177261157
